timestamp,src_ip,is_attacker,predicted_anomaly,risk_level
2025-12-12 03:16:50.190683,57.144.139.32,0,0,None
2025-12-12 03:16:50.190683,172.20.10.12,0,0,None
2025-12-12 03:16:50.190683,172.20.10.1,0,0,None
2025-12-12 03:16:50.190683,172.217.170.182,0,0,None
2025-12-12 03:16:50.190683,216.239.36.223,0,0,None
2025-12-12 03:17:05.153103,172.20.10.12,0,0,None
2025-12-12 03:17:05.153103,216.239.36.223,0,0,None
2025-12-12 03:17:05.153103,57.144.139.32,0,0,None
2025-12-12 03:17:05.153103,172.217.170.202,0,0,None
2025-12-12 03:17:08.294320,172.20.10.12,0,0,None
2025-12-12 03:17:08.294320,74.125.206.81,0,0,None
2025-12-12 03:17:11.270740,216.58.223.106,0,0,None
2025-12-12 03:17:11.270740,74.125.206.81,0,0,None
2025-12-12 03:17:11.270740,172.20.10.12,0,0,None
2025-12-12 03:17:11.270740,172.217.170.206,0,0,None
2025-12-12 03:17:14.031803,172.20.10.12,0,0,None
2025-12-12 03:17:14.031803,74.125.206.81,0,0,None
2025-12-12 03:17:14.031803,140.82.112.25,0,0,None
2025-12-12 03:17:17.049630,172.20.10.12,0,0,None
2025-12-12 03:17:17.049630,74.125.206.81,0,0,None
2025-12-12 03:17:19.785336,172.20.10.12,0,0,None
2025-12-12 03:17:22.605478,172.20.10.12,0,0,None
2025-12-12 03:17:22.605478,172.217.170.164,0,0,None
2025-12-12 03:17:22.605478,140.82.113.25,0,0,None
2025-12-12 03:17:22.605478,74.125.206.81,0,0,None
2025-12-12 03:17:25.289967,74.125.206.81,0,0,None
2025-12-12 03:17:25.289967,172.20.10.12,0,0,None
2025-12-12 03:17:25.289967,216.58.223.106,0,0,None
2025-12-12 03:17:25.289967,172.217.170.202,0,0,None
2025-12-12 03:17:28.422214,74.125.206.81,0,0,None
2025-12-12 03:17:28.422214,172.20.10.12,0,0,None
2025-12-12 03:17:28.422214,172.217.170.164,0,0,None
2025-12-12 03:17:28.422214,140.82.112.25,0,0,None
2025-12-12 03:17:31.734192,34.54.84.110,0,0,None
2025-12-12 03:17:31.734192,172.20.10.12,0,0,None
2025-12-12 03:17:31.734192,74.125.206.81,0,0,None
2025-12-12 03:17:37.383650,140.82.113.25,0,0,None
2025-12-12 03:17:37.383650,172.20.10.12,0,0,None
2025-12-12 03:17:37.383650,172.217.170.206,0,0,None
2025-12-12 03:17:40.041276,172.217.170.174,0,0,None
2025-12-12 03:17:40.041276,172.20.10.12,0,0,None
2025-12-12 03:17:40.041276,74.125.206.81,0,0,None
2025-12-12 03:17:40.041276,172.217.170.202,0,0,None
2025-12-12 03:17:40.041276,172.20.10.1,0,0,None
2025-12-12 03:17:40.041276,216.58.223.99,0,0,None
2025-12-12 03:17:40.041276,216.58.223.106,0,0,None
2025-12-12 03:17:42.689654,172.20.10.12,0,0,None
2025-12-12 03:17:42.689654,74.125.206.81,0,0,None
2025-12-12 03:17:45.403203,172.20.10.12,0,0,None
2025-12-12 03:17:45.403203,74.125.206.81,0,0,None
2025-12-12 03:17:45.403203,172.217.170.202,0,0,None
2025-12-12 03:17:48.103792,172.20.10.12,0,0,None
2025-12-12 03:17:48.103792,149.154.167.91,0,0,None
2025-12-12 03:17:50.907363,172.217.170.202,0,0,None
2025-12-12 03:17:50.907363,172.20.10.12,0,0,None
2025-12-12 03:17:50.907363,172.20.10.1,0,0,None
2025-12-12 03:17:50.907363,216.239.36.223,0,0,None
2025-12-12 03:17:53.872878,172.20.10.12,0,0,None
2025-12-12 03:17:53.872878,34.54.84.110,0,0,None
2025-12-12 03:17:53.872878,172.217.170.202,0,0,None
2025-12-12 03:17:53.872878,172.217.170.206,0,0,None
2025-12-12 03:17:53.872878,74.125.206.81,0,0,None
2025-12-12 03:17:53.872878,172.217.170.164,0,0,None
2025-12-12 03:17:56.578410,74.125.206.81,0,0,None
2025-12-12 03:17:56.578410,172.20.10.12,0,0,None
2025-12-12 03:18:02.017675,74.125.206.81,0,0,None
2025-12-12 03:18:02.017675,57.144.139.32,0,0,None
2025-12-12 03:18:02.017675,172.20.10.12,0,0,None
2025-12-12 03:18:02.017675,34.54.84.110,0,0,None
2025-12-12 03:18:02.017675,172.20.10.1,0,0,None
2025-12-12 03:18:02.017675,140.82.121.4,0,0,None
2025-12-12 03:18:02.017675,172.217.170.206,0,0,None
2025-12-12 03:18:05.020057,172.20.10.12,0,0,None
2025-12-12 03:18:05.020057,140.82.121.4,0,0,None
2025-12-12 03:18:05.020057,74.125.206.81,0,0,None
2025-12-12 03:18:07.918145,74.125.206.81,0,0,None
2025-12-12 03:18:07.918145,172.20.10.12,0,0,None
2025-12-12 03:18:10.939056,172.20.10.12,0,0,None
2025-12-12 03:18:10.939056,216.58.223.106,0,0,None
2025-12-12 03:18:13.770302,74.125.206.81,0,0,None
2025-12-12 03:18:13.770302,172.20.10.12,0,0,None
2025-12-12 03:18:16.530360,74.125.133.188,0,0,None
2025-12-12 03:18:16.530360,172.20.10.12,0,0,None
2025-12-12 03:18:16.530360,74.125.206.81,0,0,None
2025-12-12 03:18:16.530360,172.217.170.206,0,0,None
2025-12-12 03:18:21.958778,172.20.10.12,0,0,None
2025-12-12 03:18:21.958778,216.239.36.223,0,0,None
2025-12-12 03:18:21.958778,172.217.170.164,0,0,None
2025-12-12 03:18:25.080247,57.144.139.32,0,0,None
2025-12-12 03:18:25.080247,149.154.167.91,0,0,None
2025-12-12 03:18:25.080247,172.20.10.12,0,0,None
2025-12-12 03:18:25.080247,216.58.223.106,0,0,None
2025-12-12 03:18:28.193020,172.20.10.12,0,0,None
2025-12-12 03:18:28.193020,172.217.170.164,0,0,None
2025-12-12 03:18:31.036517,172.20.10.12,0,0,None
2025-12-12 03:18:31.036517,216.239.36.223,0,0,None
2025-12-12 03:18:31.036517,34.54.84.110,0,0,None
2025-12-12 03:18:31.036517,74.125.206.81,0,0,None
2025-12-12 03:18:37.352111,140.82.113.25,0,0,None
2025-12-12 03:18:37.352111,172.20.10.12,0,0,None
2025-12-12 03:18:40.655873,172.20.10.12,0,0,None
2025-12-12 03:18:40.655873,216.58.223.106,0,0,None
2025-12-12 03:18:46.049888,172.20.10.12,0,0,None
2025-12-12 03:18:46.049888,216.239.36.223,0,0,None
2025-12-12 03:18:46.049888,74.125.206.81,0,0,None
2025-12-12 03:18:49.182635,172.20.10.12,0,0,None
2025-12-12 03:18:49.182635,172.217.170.164,0,0,None
2025-12-12 03:18:49.182635,172.20.10.1,0,0,None
2025-12-12 03:18:49.182635,172.217.170.163,0,0,None
2025-12-12 03:18:49.182635,57.144.139.32,0,0,None
2025-12-12 03:18:52.085084,172.217.170.202,0,0,None
2025-12-12 03:18:52.085084,172.20.10.12,0,0,None
2025-12-12 03:18:52.085084,34.54.84.110,0,0,None
2025-12-12 03:18:52.085084,172.20.10.1,0,0,None
2025-12-12 03:18:55.013510,172.20.10.12,0,0,None
2025-12-12 03:18:55.013510,13.89.179.13,0,0,None
2025-12-12 03:18:55.013510,172.217.170.206,0,0,None
2025-12-12 03:18:55.013510,172.20.10.1,0,0,None
2025-12-12 03:18:57.739691,172.20.10.12,0,0,None
2025-12-12 03:18:57.739691,172.20.10.1,0,0,None
2025-12-12 03:18:57.739691,172.217.170.164,0,0,None
2025-12-12 03:19:00.868757,172.20.10.12,0,0,None
2025-12-12 03:19:00.868757,172.217.170.174,0,0,None
2025-12-12 03:19:00.868757,216.239.36.223,0,0,None
2025-12-12 03:19:00.868757,74.125.133.188,0,0,None
2025-12-12 03:19:00.868757,149.154.167.91,0,0,None
2025-12-12 03:19:00.868757,74.125.206.81,0,0,None
2025-12-12 03:19:00.868757,34.54.84.110,0,0,None
2025-12-12 03:19:03.782141,172.20.10.12,0,0,None
2025-12-12 03:19:03.782141,13.107.246.61,0,0,None
2025-12-12 03:19:03.782141,13.89.179.13,0,0,None
2025-12-12 03:19:06.743949,172.217.170.202,0,0,None
2025-12-12 03:19:06.743949,172.20.10.12,0,0,None
2025-12-12 03:19:09.457442,172.20.10.12,0,0,None
2025-12-12 03:19:09.457442,57.144.139.32,0,0,None
2025-12-12 03:19:09.457442,216.58.223.106,0,0,None
2025-12-12 03:19:12.352595,172.217.170.202,0,0,None
2025-12-12 03:19:12.352595,74.125.206.81,0,0,None
2025-12-12 03:19:12.352595,172.20.10.12,0,0,None
2025-12-12 03:19:15.215756,172.217.170.174,0,0,None
2025-12-12 03:19:15.215756,172.20.10.12,0,0,None
2025-12-12 03:19:15.215756,140.82.112.25,0,0,None
2025-12-12 03:19:15.215756,172.217.170.164,0,0,None
2025-12-12 03:19:15.215756,216.239.36.223,0,0,None
2025-12-12 03:19:17.951145,57.144.139.32,0,0,None
2025-12-12 03:19:17.951145,172.20.10.12,0,0,None
2025-12-12 03:19:17.951145,172.20.10.1,0,0,None
2025-12-12 03:19:21.133290,172.20.10.12,0,0,None
2025-12-12 03:19:21.133290,57.144.139.32,0,0,None
2025-12-12 03:19:23.800737,140.82.113.25,0,0,None
2025-12-12 03:19:26.717973,172.20.10.12,0,0,None
2025-12-12 03:19:26.717973,172.217.170.206,0,0,None
2025-12-12 03:19:26.717973,172.217.170.202,0,0,None
2025-12-12 03:19:29.450368,172.20.10.12,0,0,None
2025-12-12 03:19:29.450368,98.66.133.184,0,0,None
2025-12-12 03:19:29.450368,140.82.112.25,0,0,None
2025-12-12 03:19:29.450368,172.20.10.1,0,0,None
2025-12-12 03:19:29.450368,34.54.84.110,0,0,None
2025-12-12 03:19:29.450368,41.90.72.10,0,0,None
2025-12-12 03:19:32.351773,34.54.84.110,0,0,None
2025-12-12 03:19:32.351773,172.20.10.12,0,0,None
2025-12-12 03:19:32.351773,172.217.170.202,0,0,None
2025-12-12 03:19:37.654672,172.20.10.12,0,0,None
2025-12-12 03:19:37.654672,57.144.139.32,0,0,None
2025-12-12 03:19:37.654672,140.82.113.25,0,0,None
2025-12-12 03:19:40.352943,172.20.10.12,0,0,None
2025-12-12 03:19:40.352943,216.239.36.223,0,0,None
2025-12-12 03:19:40.352943,172.217.170.206,0,0,None
2025-12-12 03:19:43.257468,172.20.10.12,0,0,None
2025-12-12 03:19:43.257468,172.217.170.164,0,0,None
2025-12-12 03:19:46.450040,172.20.10.12,0,0,None
2025-12-12 03:19:46.450040,74.125.133.188,0,0,None
2025-12-12 03:19:46.450040,149.154.167.91,0,0,None
2025-12-12 03:19:54.983968,172.20.10.12,0,0,None
2025-12-12 03:19:54.983968,172.20.10.1,0,0,None
2025-12-12 03:19:54.983968,172.217.170.202,0,0,None
2025-12-12 03:19:54.983968,172.217.170.174,0,0,None
2025-12-12 03:19:54.983968,216.239.36.223,0,0,None
2025-12-12 03:19:54.983968,57.144.139.32,0,0,None
2025-12-12 03:19:58.098461,172.217.170.170,0,0,None
2025-12-12 03:19:58.098461,216.58.223.99,0,0,None
2025-12-12 03:19:58.098461,172.217.170.202,0,0,None
2025-12-12 03:19:58.098461,172.20.10.12,0,0,None
2025-12-12 03:19:58.098461,172.217.170.164,0,0,None
2025-12-12 03:20:01.459998,172.20.10.12,0,0,None
2025-12-12 03:20:01.459998,74.125.206.81,0,0,None
2025-12-12 03:20:01.459998,216.239.36.223,0,0,None
2025-12-12 03:20:01.459998,34.54.84.110,0,0,None
2025-12-12 03:20:04.554681,172.20.10.12,0,0,None
2025-12-12 03:20:04.554681,172.217.170.206,0,0,None
2025-12-12 03:20:07.408717,52.140.118.28,0,0,None
2025-12-12 03:20:07.408717,172.20.10.12,0,0,None
2025-12-12 03:20:12.446110,172.20.10.12,0,0,None
2025-12-12 03:20:12.446110,57.144.139.32,0,0,None
2025-12-12 03:20:12.446110,74.125.206.81,0,0,None
2025-12-12 03:20:12.446110,172.20.10.1,0,0,None
2025-12-12 03:20:12.446110,172.217.170.202,0,0,None
2025-12-12 03:20:16.178626,140.82.112.25,0,0,None
2025-12-12 03:20:16.178626,172.20.10.12,0,0,None
2025-12-12 03:20:16.178626,216.239.36.223,0,0,None
2025-12-12 03:20:16.178626,20.42.73.25,0,0,None
2025-12-12 03:20:16.178626,74.125.206.81,0,0,None
2025-12-12 03:20:16.178626,172.217.170.206,0,0,None
2025-12-12 03:20:22.669632,172.20.10.12,0,0,None
2025-12-12 03:20:22.669632,172.20.10.1,0,0,None
2025-12-12 03:20:22.669632,216.239.36.223,0,0,None
2025-12-12 03:20:22.669632,140.82.112.21,0,0,None
2025-12-12 03:20:22.669632,140.82.113.25,0,0,None
2025-12-12 03:20:22.669632,172.217.170.163,0,0,None
2025-12-12 03:20:25.567335,74.125.206.81,0,0,None
2025-12-12 03:20:25.567335,172.20.10.12,0,0,None
2025-12-12 03:20:28.503242,172.20.10.12,0,0,None
2025-12-12 03:20:28.503242,172.217.170.164,0,0,None
2025-12-12 03:20:28.503242,74.125.206.81,0,0,None
2025-12-12 03:20:28.503242,172.217.170.202,0,0,None
2025-12-12 03:20:28.503242,140.82.112.25,0,0,None
2025-12-12 03:20:28.503242,172.20.10.1,0,0,None
2025-12-12 03:20:31.139570,172.217.170.206,0,0,None
2025-12-12 03:20:31.139570,34.54.84.110,0,0,None
2025-12-12 03:20:31.139570,140.82.121.5,0,0,None
2025-12-12 03:20:31.139570,172.20.10.12,0,0,None
2025-12-12 03:20:31.139570,41.90.72.10,0,0,None
2025-12-12 03:20:31.139570,149.154.167.91,0,0,None
2025-12-12 03:20:31.139570,74.125.133.188,0,0,None
2025-12-12 03:20:31.139570,74.125.206.81,0,0,None
2025-12-12 03:20:34.292958,172.20.10.12,0,0,None
2025-12-12 03:20:34.292958,140.82.121.5,0,0,None
2025-12-12 03:20:34.292958,41.90.72.10,0,0,None
2025-12-12 03:20:37.315132,172.20.10.12,0,0,None
2025-12-12 03:20:37.315132,216.239.36.223,0,0,None
2025-12-12 03:20:37.315132,57.144.139.32,0,0,None
2025-12-12 03:20:37.315132,140.82.113.25,0,0,None
2025-12-12 03:20:37.315132,172.217.170.202,0,0,None
2025-12-12 03:20:40.106275,172.20.10.12,0,0,None
2025-12-12 03:20:40.106275,41.90.72.10,0,0,None
2025-12-12 03:20:40.106275,172.20.10.1,0,0,None
2025-12-12 03:20:40.106275,172.217.170.174,0,0,None
2025-12-12 03:20:42.794377,172.20.10.12,0,0,None
2025-12-12 03:20:45.543780,172.217.170.193,0,0,None
2025-12-12 03:20:45.543780,74.125.206.81,0,0,None
2025-12-12 03:20:45.543780,172.20.10.12,0,0,None
2025-12-12 03:20:48.629238,172.20.10.12,0,0,None
2025-12-12 03:20:48.629238,172.20.10.1,0,0,None
2025-12-12 03:20:48.629238,172.217.170.163,0,0,None
2025-12-12 03:20:51.352493,172.20.10.12,0,0,None
2025-12-12 03:20:51.352493,216.239.36.223,0,0,None
2025-12-12 03:20:54.382059,172.20.10.12,0,0,None
2025-12-12 03:20:54.382059,34.54.84.110,0,0,None
2025-12-12 03:20:54.382059,57.144.139.32,0,0,None
2025-12-12 03:20:57.166388,172.20.10.12,0,0,None
2025-12-12 03:20:57.166388,172.217.170.206,0,0,None
2025-12-12 03:20:57.166388,216.239.36.223,0,0,None
2025-12-12 03:20:57.166388,172.217.170.202,0,0,None
2025-12-12 03:20:57.166388,172.217.170.164,0,0,None
2025-12-12 03:20:57.166388,20.42.73.25,0,0,None
2025-12-12 03:20:59.862026,20.42.73.25,0,0,None
2025-12-12 03:20:59.862026,172.20.10.12,0,0,None
2025-12-12 03:20:59.862026,74.125.206.81,0,0,None
2025-12-12 03:20:59.862026,172.217.170.202,0,0,None
2025-12-12 03:21:02.670556,172.20.10.12,0,0,None
2025-12-12 03:21:02.670556,34.54.84.110,0,0,None
2025-12-12 03:21:02.670556,74.125.206.81,0,0,None
2025-12-12 03:21:05.292609,172.20.10.12,0,0,None
2025-12-12 03:21:05.292609,20.42.73.25,0,0,None
2025-12-12 03:42:42.926774,172.20.10.12,0,0,None
2025-12-12 03:42:42.926774,74.125.206.81,0,0,None
2025-12-12 03:42:42.926774,172.217.170.206,0,0,None
2025-12-12 03:42:55.245277,172.20.10.12,0,0,None
2025-12-12 03:42:55.245277,57.144.139.32,0,0,None
2025-12-12 03:42:55.245277,74.125.206.81,0,0,None
2025-12-12 03:42:55.245277,172.217.170.202,0,0,None
2025-12-12 03:42:55.245277,41.90.72.18,0,0,None
2025-12-12 03:42:55.245277,172.217.170.170,0,0,None
2025-12-12 03:42:55.245277,216.239.32.223,0,0,None
2025-12-12 03:42:55.245277,172.217.170.193,0,0,None
2025-12-12 03:42:58.534170,172.20.10.12,0,0,None
2025-12-12 03:42:58.534170,172.217.170.206,0,0,None
2025-12-12 03:42:58.534170,74.125.206.81,0,0,None
2025-12-12 03:42:58.534170,172.217.170.164,0,0,None
2025-12-12 03:42:58.534170,149.154.167.91,0,0,None
2025-12-12 03:43:01.296148,172.20.10.12,0,0,None
2025-12-12 03:43:01.296148,74.125.206.81,0,0,None
2025-12-12 03:43:01.296148,34.54.84.110,0,0,None
2025-12-12 03:45:54.497335,74.125.206.81,0,0,None
2025-12-12 03:45:54.497335,172.20.10.12,0,0,None
2025-12-12 03:45:54.497335,216.239.32.223,0,0,None
2025-12-12 03:45:57.194191,172.20.10.12,0,0,None
2025-12-12 03:45:57.194191,172.20.10.1,0,0,None
2025-12-12 03:45:57.194191,140.82.121.6,0,0,None
2025-12-12 03:45:57.194191,74.125.206.81,0,0,None
2025-12-12 03:45:57.194191,172.217.170.164,0,0,None
2025-12-12 03:45:59.585885,74.125.206.81,0,0,None
2025-12-12 03:45:59.585885,172.20.10.12,0,0,None
2025-12-12 03:45:59.585885,172.217.170.206,0,0,None
2025-12-12 03:46:03.623528,172.20.10.12,0,0,None
2025-12-12 03:46:03.623528,216.239.32.223,0,0,None
2025-12-12 03:46:03.623528,74.125.206.81,0,0,None
2025-12-12 03:46:03.623528,34.54.84.110,0,0,None
2025-12-12 03:46:03.623528,140.82.121.6,0,0,None
2025-12-12 03:46:06.068975,172.20.10.12,0,0,None
2025-12-12 03:46:06.068975,140.82.121.6,0,0,None
2025-12-12 03:46:08.369491,172.217.170.170,0,0,None
2025-12-12 03:46:08.369491,172.20.10.12,0,0,None
2025-12-12 03:46:08.369491,172.217.170.202,0,0,None
2025-12-12 03:46:08.369491,172.217.170.163,0,0,None
2025-12-12 03:46:08.369491,74.125.206.81,0,0,None
2025-12-12 03:46:11.051493,34.54.84.110,0,0,None
2025-12-12 03:46:11.051493,74.125.206.81,0,0,None
2025-12-12 03:46:13.594588,172.217.170.202,0,0,None
2025-12-12 03:46:13.594588,172.20.10.12,0,0,None
2025-12-12 03:46:13.594588,57.144.139.32,0,0,None
2025-12-12 03:46:13.594588,74.125.206.81,0,0,None
2025-12-12 03:46:16.201842,172.20.10.12,0,0,None
2025-12-12 03:46:16.201842,74.125.206.81,0,0,None
2025-12-12 03:46:16.201842,172.217.170.206,0,0,None
2025-12-12 03:46:16.201842,74.125.133.188,0,0,None
2025-12-12 03:46:16.201842,216.239.32.223,0,0,None
2025-12-12 03:46:18.911756,216.239.32.223,0,0,None
2025-12-12 03:46:18.911756,172.20.10.12,0,0,None
2025-12-12 03:46:18.911756,74.125.206.81,0,0,None
2025-12-12 03:46:18.911756,172.217.170.206,0,0,None
2025-12-12 03:46:18.911756,140.82.112.25,0,0,None
2025-12-12 03:46:21.690263,74.125.206.81,0,0,None
2025-12-12 03:46:21.690263,172.20.10.12,0,0,None
2025-12-12 03:46:21.690263,172.217.170.170,0,0,None
2025-12-12 03:46:21.690263,216.239.32.223,0,0,None
2025-12-12 03:46:24.290276,216.239.32.223,0,0,None
2025-12-12 03:46:24.290276,74.125.206.81,0,0,None
2025-12-12 03:46:24.290276,172.20.10.12,0,0,None
2025-12-12 03:46:26.783415,74.125.206.81,0,0,None
2025-12-12 03:46:26.783415,172.20.10.12,0,0,None
2025-12-12 03:48:52.031322,172.217.170.206,0,0,None
2025-12-12 03:48:52.031322,172.20.10.12,0,0,None
2025-12-12 03:48:52.031322,74.125.206.81,0,0,None
2025-12-12 03:48:52.031322,172.217.170.202,0,0,None
2025-12-12 03:48:54.420957,172.20.10.12,0,0,None
2025-12-12 03:48:54.420957,74.125.206.81,0,0,None
2025-12-12 03:48:54.420957,57.144.139.32,0,0,None
2025-12-12 03:48:54.420957,172.217.170.164,0,0,None
2025-12-12 03:48:56.836689,74.125.206.81,0,0,None
2025-12-12 03:48:56.836689,172.20.10.12,0,0,None
2025-12-12 03:48:56.836689,172.20.10.1,0,0,None
2025-12-12 03:48:59.240887,172.20.10.12,0,0,None
2025-12-12 03:48:59.240887,172.20.10.1,0,0,None
2025-12-12 03:48:59.240887,172.217.170.164,0,0,None
2025-12-12 03:48:59.240887,13.107.246.61,0,0,None
2025-12-12 03:48:59.240887,216.239.32.223,0,0,None
2025-12-12 03:49:01.994627,172.20.10.12,0,0,None
2025-12-12 03:49:01.994627,74.125.206.81,0,0,None
2025-12-12 03:49:01.994627,34.54.84.110,0,0,None
2025-12-12 03:49:01.994627,172.217.170.206,0,0,None
2025-12-12 03:49:04.524216,172.20.10.12,0,0,None
2025-12-12 03:49:04.524216,74.125.206.81,0,0,None
2025-12-12 03:49:04.524216,172.217.170.170,0,0,None
2025-12-12 03:49:04.524216,34.54.84.110,0,0,None
2025-12-12 03:49:06.996874,74.125.206.81,0,0,None
2025-12-12 03:49:06.996874,172.20.10.12,0,0,None
2025-12-12 03:49:06.996874,192.168.1.127,1,0,None
2025-12-12 03:49:06.996874,34.54.84.110,0,0,None
2025-12-12 03:49:06.996874,172.217.170.202,0,0,None
2025-12-12 03:49:06.996874,192.168.1.49,1,0,None
2025-12-12 03:49:06.996874,192.168.1.18,1,0,None
2025-12-12 03:49:06.996874,192.168.1.43,1,0,None
2025-12-12 03:49:06.996874,192.168.1.186,1,0,None
2025-12-12 03:49:06.996874,192.168.1.14,1,0,None
2025-12-12 03:49:06.996874,192.168.1.71,1,0,None
2025-12-12 03:49:06.996874,192.168.1.190,1,0,None
2025-12-12 03:49:06.996874,192.168.1.112,1,0,None
2025-12-12 03:49:06.996874,192.168.1.197,1,0,None
2025-12-12 03:49:06.996874,192.168.1.28,1,0,None
2025-12-12 03:49:06.996874,192.168.1.149,1,0,None
2025-12-12 03:49:06.996874,192.168.1.83,1,0,None
2025-12-12 03:49:06.996874,192.168.1.6,1,0,None
2025-12-12 03:49:06.996874,192.168.1.125,1,0,None
2025-12-12 03:49:06.996874,192.168.1.76,1,0,None
2025-12-12 03:49:06.996874,192.168.1.16,1,0,None
2025-12-12 03:49:06.996874,192.168.1.178,1,0,None
2025-12-12 03:49:06.996874,192.168.1.208,1,0,None
2025-12-12 03:49:06.996874,192.168.1.40,1,0,None
2025-12-12 03:49:06.996874,192.168.1.29,1,0,None
2025-12-12 03:49:06.996874,192.168.1.75,1,0,None
2025-12-12 03:49:06.996874,192.168.1.116,1,0,None
2025-12-12 03:49:06.996874,192.168.1.172,1,0,None
2025-12-12 03:49:06.996874,192.168.1.137,1,0,None
2025-12-12 03:49:06.996874,192.168.1.198,1,0,None
2025-12-12 03:49:06.996874,192.168.1.93,1,0,None
2025-12-12 03:49:06.996874,192.168.1.94,1,0,None
2025-12-12 03:49:06.996874,192.168.1.164,1,0,None
2025-12-12 03:49:06.996874,192.168.1.115,1,0,None
2025-12-12 03:49:06.996874,192.168.1.251,1,0,None
2025-12-12 03:49:06.996874,192.168.1.65,1,0,None
2025-12-12 03:49:06.996874,192.168.1.177,1,0,None
2025-12-12 03:49:06.996874,192.168.1.215,1,0,None
2025-12-12 03:49:09.373894,192.168.1.86,1,0,None
2025-12-12 03:49:09.373894,192.168.1.53,1,0,None
2025-12-12 03:49:09.373894,192.168.1.246,1,0,None
2025-12-12 03:49:09.373894,192.168.1.138,1,0,None
2025-12-12 03:49:09.373894,192.168.1.2,1,0,None
2025-12-12 03:49:09.373894,192.168.1.76,1,0,None
2025-12-12 03:49:09.373894,192.168.1.99,1,0,None
2025-12-12 03:49:09.373894,192.168.1.52,1,0,None
2025-12-12 03:49:09.373894,192.168.1.240,1,0,None
2025-12-12 03:49:09.373894,192.168.1.115,1,0,None
2025-12-12 03:49:09.373894,192.168.1.155,1,0,None
2025-12-12 03:49:09.373894,192.168.1.58,1,0,None
2025-12-12 03:49:09.373894,192.168.1.117,1,0,None
2025-12-12 03:49:09.373894,192.168.1.75,1,0,None
2025-12-12 03:49:09.373894,192.168.1.118,1,0,None
2025-12-12 03:49:09.373894,192.168.1.221,1,0,None
2025-12-12 03:49:09.373894,192.168.1.216,1,0,None
2025-12-12 03:49:09.373894,192.168.1.7,1,0,None
2025-12-12 03:49:09.373894,192.168.1.47,1,0,None
2025-12-12 03:49:09.373894,192.168.1.217,1,0,None
2025-12-12 03:49:09.373894,192.168.1.150,1,0,None
2025-12-12 03:49:09.373894,192.168.1.244,1,0,None
2025-12-12 03:49:09.373894,192.168.1.128,1,0,None
2025-12-12 03:49:09.373894,192.168.1.98,1,0,None
2025-12-12 03:49:09.373894,192.168.1.219,1,0,None
2025-12-12 03:49:09.373894,192.168.1.122,1,0,None
2025-12-12 03:49:09.373894,192.168.1.186,1,0,None
2025-12-12 03:49:09.373894,192.168.1.252,1,0,None
2025-12-12 03:49:09.373894,192.168.1.163,1,0,None
2025-12-12 03:49:09.373894,192.168.1.45,1,0,None
2025-12-12 03:49:09.373894,192.168.1.35,1,0,None
2025-12-12 03:49:09.373894,192.168.1.92,1,0,None
2025-12-12 03:49:09.373894,192.168.1.73,1,0,None
2025-12-12 03:49:09.373894,192.168.1.41,1,0,None
2025-12-12 03:49:09.373894,192.168.1.207,1,0,None
2025-12-12 03:49:09.373894,192.168.1.174,1,0,None
2025-12-12 03:49:09.373894,192.168.1.247,1,0,None
2025-12-12 03:49:09.373894,192.168.1.238,1,0,None
2025-12-12 03:49:09.373894,192.168.1.237,1,0,None
2025-12-12 03:49:09.373894,192.168.1.21,1,0,None
2025-12-12 03:49:09.373894,192.168.1.153,1,0,None
2025-12-12 03:49:09.373894,172.20.10.12,0,0,None
2025-12-12 03:49:09.373894,192.168.1.65,1,0,None
2025-12-12 03:49:09.373894,192.168.1.245,1,0,None
2025-12-12 03:49:09.373894,192.168.1.178,1,0,None
2025-12-12 03:49:09.373894,192.168.1.91,1,0,None
2025-12-12 03:49:09.373894,192.168.1.90,1,0,None
2025-12-12 03:49:09.373894,192.168.1.107,1,0,None
2025-12-12 03:49:09.373894,192.168.1.254,1,0,None
2025-12-12 03:49:09.373894,192.168.1.175,1,0,None
2025-12-12 03:49:09.373894,192.168.1.46,1,0,None
2025-12-12 03:49:09.373894,192.168.1.121,1,0,None
2025-12-12 03:49:09.373894,192.168.1.105,1,0,None
2025-12-12 03:49:09.373894,192.168.1.129,1,0,None
2025-12-12 03:49:09.373894,192.168.1.38,1,0,None
2025-12-12 03:49:09.373894,192.168.1.126,1,0,None
2025-12-12 03:49:09.373894,192.168.1.134,1,0,None
2025-12-12 03:49:09.373894,74.125.206.81,0,0,None
2025-12-12 03:49:09.373894,192.168.1.12,1,0,None
2025-12-12 03:49:09.373894,192.168.1.152,1,0,None
2025-12-12 03:49:09.373894,192.168.1.13,1,0,None
2025-12-12 03:49:09.373894,192.168.1.103,1,0,None
2025-12-12 03:49:09.373894,192.168.1.180,1,0,None
2025-12-12 03:49:09.373894,192.168.1.26,1,0,None
2025-12-12 03:49:09.373894,192.168.1.104,1,0,None
2025-12-12 03:49:09.373894,192.168.1.37,1,0,None
2025-12-12 03:49:09.373894,192.168.1.212,1,0,None
2025-12-12 03:49:09.373894,192.168.1.146,1,0,None
2025-12-12 03:49:09.373894,192.168.1.10,1,0,None
2025-12-12 03:49:09.373894,192.168.1.141,1,0,None
2025-12-12 03:49:09.373894,192.168.1.171,1,0,None
2025-12-12 03:49:09.373894,192.168.1.71,1,0,None
2025-12-12 03:49:09.373894,192.168.1.248,1,0,None
2025-12-12 03:49:09.373894,192.168.1.109,1,0,None
2025-12-12 03:49:09.373894,192.168.1.173,1,0,None
2025-12-12 03:49:09.373894,192.168.1.124,1,0,None
2025-12-12 03:49:09.373894,192.168.1.227,1,0,None
2025-12-12 03:49:09.373894,192.168.1.199,1,0,None
2025-12-12 03:49:09.373894,192.168.1.123,1,0,None
2025-12-12 03:49:09.373894,192.168.1.187,1,0,None
2025-12-12 03:49:09.373894,192.168.1.24,1,0,None
2025-12-12 03:49:09.373894,192.168.1.80,1,0,None
2025-12-12 03:49:09.373894,192.168.1.97,1,0,None
2025-12-12 03:49:09.373894,192.168.1.229,1,0,None
2025-12-12 03:49:09.373894,192.168.1.42,1,0,None
2025-12-12 03:49:09.373894,172.217.170.170,0,0,None
2025-12-12 03:49:09.373894,192.168.1.202,1,0,None
2025-12-12 03:49:09.373894,192.168.1.211,1,0,None
2025-12-12 03:49:09.373894,192.168.1.224,1,0,None
2025-12-12 03:49:09.373894,192.168.1.70,1,0,None
2025-12-12 03:49:09.373894,192.168.1.135,1,0,None
2025-12-12 03:49:09.373894,192.168.1.189,1,0,None
2025-12-12 03:49:09.373894,192.168.1.230,1,0,None
2025-12-12 03:49:09.373894,192.168.1.77,1,0,None
2025-12-12 03:49:09.373894,192.168.1.208,1,0,None
2025-12-12 03:49:09.373894,192.168.1.108,1,0,None
2025-12-12 03:49:09.373894,192.168.1.223,1,0,None
2025-12-12 03:49:09.373894,192.168.1.195,1,0,None
2025-12-12 03:49:09.373894,192.168.1.9,1,0,None
2025-12-12 03:49:09.373894,192.168.1.132,1,0,None
2025-12-12 03:49:09.373894,192.168.1.182,1,0,None
2025-12-12 03:49:09.373894,192.168.1.204,1,0,None
2025-12-12 03:49:09.373894,192.168.1.14,1,0,None
2025-12-12 03:49:09.373894,192.168.1.179,1,0,None
2025-12-12 03:49:09.373894,192.168.1.226,1,0,None
2025-12-12 03:49:09.373894,192.168.1.59,1,0,None
2025-12-12 03:49:09.373894,192.168.1.168,1,0,None
2025-12-12 03:49:09.373894,192.168.1.96,1,0,None
2025-12-12 03:49:09.373894,192.168.1.87,1,0,None
2025-12-12 03:49:09.373894,192.168.1.111,1,0,None
2025-12-12 03:49:09.373894,192.168.1.57,1,0,None
2025-12-12 03:49:09.373894,192.168.1.95,1,0,None
2025-12-12 03:49:09.373894,192.168.1.22,1,0,None
2025-12-12 03:49:09.373894,192.168.1.106,1,0,None
2025-12-12 03:49:11.945211,192.168.1.223,1,0,None
2025-12-12 03:49:11.945211,192.168.1.101,1,0,None
2025-12-12 03:49:11.945211,192.168.1.208,1,0,None
2025-12-12 03:49:11.945211,192.168.1.174,1,0,None
2025-12-12 03:49:11.945211,192.168.1.169,1,0,None
2025-12-12 03:49:11.945211,192.168.1.33,1,0,None
2025-12-12 03:49:11.945211,192.168.1.150,1,0,None
2025-12-12 03:49:11.945211,192.168.1.122,1,0,None
2025-12-12 03:49:11.945211,172.20.10.12,0,0,None
2025-12-12 03:49:11.945211,192.168.1.207,1,0,None
2025-12-12 03:49:11.945211,192.168.1.205,1,0,None
2025-12-12 03:49:11.945211,192.168.1.25,1,0,None
2025-12-12 03:49:11.945211,192.168.1.91,1,0,None
2025-12-12 03:49:11.945211,192.168.1.13,1,0,None
2025-12-12 03:49:11.945211,192.168.1.47,1,0,None
2025-12-12 03:49:11.945211,192.168.1.46,1,0,None
2025-12-12 03:49:11.945211,192.168.1.140,1,0,None
2025-12-12 03:49:11.945211,192.168.1.22,1,0,None
2025-12-12 03:49:11.945211,192.168.1.90,1,0,None
2025-12-12 03:49:11.945211,192.168.1.84,1,0,None
2025-12-12 03:49:11.945211,192.168.1.60,1,0,None
2025-12-12 03:49:11.945211,192.168.1.162,1,0,None
2025-12-12 03:49:11.945211,192.168.1.86,1,0,None
2025-12-12 03:49:11.945211,192.168.1.111,1,0,None
2025-12-12 03:49:11.945211,192.168.1.119,1,0,None
2025-12-12 03:49:11.945211,192.168.1.195,1,0,None
2025-12-12 03:49:11.945211,192.168.1.252,1,0,None
2025-12-12 03:49:11.945211,192.168.1.242,1,0,None
2025-12-12 03:49:11.945211,192.168.1.193,1,0,None
2025-12-12 03:49:11.945211,192.168.1.15,1,0,None
2025-12-12 03:49:11.945211,192.168.1.40,1,0,None
2025-12-12 03:49:11.945211,192.168.1.141,1,0,None
2025-12-12 03:49:11.945211,192.168.1.87,1,0,None
2025-12-12 03:49:11.945211,74.125.206.81,0,0,None
2025-12-12 03:49:11.945211,192.168.1.36,1,0,None
2025-12-12 03:49:11.945211,192.168.1.89,1,0,None
2025-12-12 03:49:11.945211,192.168.1.183,1,0,None
2025-12-12 03:49:11.945211,192.168.1.102,1,0,None
2025-12-12 03:49:11.945211,192.168.1.124,1,0,None
2025-12-12 03:49:11.945211,192.168.1.117,1,0,None
2025-12-12 03:49:11.945211,192.168.1.194,1,0,None
2025-12-12 03:49:11.945211,192.168.1.83,1,0,None
2025-12-12 03:49:11.945211,192.168.1.51,1,0,None
2025-12-12 03:49:11.945211,192.168.1.67,1,0,None
2025-12-12 03:49:11.945211,192.168.1.100,1,0,None
2025-12-12 03:49:11.945211,192.168.1.134,1,0,None
2025-12-12 03:49:11.945211,192.168.1.120,1,0,None
2025-12-12 03:49:11.945211,192.168.1.79,1,0,None
2025-12-12 03:49:11.945211,192.168.1.232,1,0,None
2025-12-12 03:49:11.945211,192.168.1.131,1,0,None
2025-12-12 03:49:11.945211,192.168.1.61,1,0,None
2025-12-12 03:49:11.945211,192.168.1.201,1,0,None
2025-12-12 03:49:11.945211,192.168.1.14,1,0,None
2025-12-12 03:49:11.945211,192.168.1.190,1,0,None
2025-12-12 03:49:11.945211,192.168.1.192,1,0,None
2025-12-12 03:49:11.945211,192.168.1.26,1,0,None
2025-12-12 03:49:11.945211,192.168.1.216,1,0,None
2025-12-12 03:49:11.945211,192.168.1.20,1,0,None
2025-12-12 03:49:11.945211,192.168.1.57,1,0,None
2025-12-12 03:49:11.945211,192.168.1.142,1,0,None
2025-12-12 03:49:11.945211,192.168.1.214,1,0,None
2025-12-12 03:49:11.945211,192.168.1.139,1,0,None
2025-12-12 03:49:11.945211,192.168.1.68,1,0,None
2025-12-12 03:49:11.945211,192.168.1.98,1,0,None
2025-12-12 03:49:11.945211,192.168.1.107,1,0,None
2025-12-12 03:49:11.945211,192.168.1.63,1,0,None
2025-12-12 03:49:11.945211,192.168.1.167,1,0,None
2025-12-12 03:49:11.945211,192.168.1.212,1,0,None
2025-12-12 03:49:11.945211,192.168.1.184,1,0,None
2025-12-12 03:49:11.945211,192.168.1.128,1,0,None
2025-12-12 03:49:11.945211,192.168.1.21,1,0,None
2025-12-12 03:49:11.945211,192.168.1.73,1,0,None
2025-12-12 03:49:11.945211,192.168.1.59,1,0,None
2025-12-12 03:49:11.945211,192.168.1.136,1,0,None
2025-12-12 03:49:11.945211,192.168.1.154,1,0,None
2025-12-12 03:49:11.945211,192.168.1.231,1,0,None
2025-12-12 03:49:11.945211,192.168.1.34,1,0,None
2025-12-12 03:49:11.945211,192.168.1.1,1,0,None
2025-12-12 03:49:11.945211,192.168.1.42,1,0,None
2025-12-12 03:49:11.945211,192.168.1.135,1,0,None
2025-12-12 03:49:11.945211,192.168.1.199,1,0,None
2025-12-12 03:49:11.945211,192.168.1.233,1,0,None
2025-12-12 03:49:11.945211,192.168.1.55,1,0,None
2025-12-12 03:49:11.945211,192.168.1.58,1,0,None
2025-12-12 03:49:11.945211,192.168.1.69,1,0,None
2025-12-12 03:49:11.945211,192.168.1.236,1,0,None
2025-12-12 03:49:11.945211,192.168.1.210,1,0,None
2025-12-12 03:49:11.945211,192.168.1.125,1,0,None
2025-12-12 03:49:11.945211,192.168.1.144,1,0,None
2025-12-12 03:49:11.945211,192.168.1.182,1,0,None
2025-12-12 03:49:11.945211,192.168.1.149,1,0,None
2025-12-12 03:49:11.945211,192.168.1.168,1,0,None
2025-12-12 03:49:11.945211,192.168.1.251,1,0,None
2025-12-12 03:49:11.945211,192.168.1.27,1,0,None
2025-12-12 03:49:11.945211,192.168.1.2,1,0,None
2025-12-12 03:49:11.945211,192.168.1.241,1,0,None
2025-12-12 03:49:11.945211,192.168.1.254,1,0,None
2025-12-12 03:49:11.945211,192.168.1.97,1,0,None
2025-12-12 03:49:11.945211,192.168.1.191,1,0,None
2025-12-12 03:49:11.945211,192.168.1.206,1,0,None
2025-12-12 03:49:11.945211,192.168.1.9,1,0,None
2025-12-12 03:49:11.945211,192.168.1.76,1,0,None
2025-12-12 03:49:11.945211,192.168.1.221,1,0,None
2025-12-12 03:49:11.945211,192.168.1.230,1,0,None
2025-12-12 03:49:11.945211,192.168.1.41,1,0,None
2025-12-12 03:49:11.945211,192.168.1.62,1,0,None
2025-12-12 03:49:11.945211,192.168.1.7,1,0,None
2025-12-12 03:49:11.945211,192.168.1.112,1,0,None
2025-12-12 03:49:11.945211,192.168.1.166,1,0,None
2025-12-12 03:49:11.945211,192.168.1.164,1,0,None
2025-12-12 03:49:11.945211,192.168.1.187,1,0,None
2025-12-12 03:49:11.945211,192.168.1.196,1,0,None
2025-12-12 03:49:11.945211,192.168.1.12,1,0,None
2025-12-12 03:49:14.511938,192.168.1.185,1,0,None
2025-12-12 03:49:14.511938,192.168.1.169,1,0,None
2025-12-12 03:49:14.511938,192.168.1.62,1,0,None
2025-12-12 03:49:14.511938,192.168.1.131,1,0,None
2025-12-12 03:49:14.511938,192.168.1.115,1,0,None
2025-12-12 03:49:14.511938,192.168.1.83,1,0,None
2025-12-12 03:49:14.511938,192.168.1.150,1,0,None
2025-12-12 03:49:14.511938,192.168.1.24,1,0,None
2025-12-12 03:49:14.511938,192.168.1.231,1,0,None
2025-12-12 03:49:14.511938,192.168.1.156,1,0,None
2025-12-12 03:49:14.511938,192.168.1.129,1,0,None
2025-12-12 03:49:14.511938,192.168.1.123,1,0,None
2025-12-12 03:49:14.511938,192.168.1.66,1,0,None
2025-12-12 03:49:14.511938,192.168.1.144,1,0,None
2025-12-12 03:49:14.511938,192.168.1.230,1,0,None
2025-12-12 03:49:14.511938,192.168.1.102,1,0,None
2025-12-12 03:49:14.511938,192.168.1.46,1,0,None
2025-12-12 03:49:14.511938,192.168.1.216,1,0,None
2025-12-12 03:49:14.511938,192.168.1.254,1,0,None
2025-12-12 03:49:14.511938,192.168.1.165,1,0,None
2025-12-12 03:49:14.511938,192.168.1.92,1,0,None
2025-12-12 03:49:14.511938,192.168.1.101,1,0,None
2025-12-12 03:49:14.511938,192.168.1.203,1,0,None
2025-12-12 03:49:14.511938,192.168.1.176,1,0,None
2025-12-12 03:49:14.511938,192.168.1.124,1,0,None
2025-12-12 03:49:14.511938,192.168.1.127,1,0,None
2025-12-12 03:49:14.511938,192.168.1.14,1,0,None
2025-12-12 03:49:14.511938,192.168.1.148,1,0,None
2025-12-12 03:49:14.511938,192.168.1.158,1,0,None
2025-12-12 03:49:14.511938,192.168.1.181,1,0,None
2025-12-12 03:49:14.511938,192.168.1.187,1,0,None
2025-12-12 03:49:14.511938,192.168.1.33,1,0,None
2025-12-12 03:49:14.511938,192.168.1.232,1,0,None
2025-12-12 03:49:14.511938,172.20.10.12,0,0,None
2025-12-12 03:49:14.511938,192.168.1.116,1,0,None
2025-12-12 03:49:14.511938,192.168.1.207,1,0,None
2025-12-12 03:49:14.511938,192.168.1.134,1,0,None
2025-12-12 03:49:14.511938,192.168.1.17,1,0,None
2025-12-12 03:49:14.511938,192.168.1.135,1,0,None
2025-12-12 03:49:14.511938,192.168.1.1,1,0,None
2025-12-12 03:49:14.511938,192.168.1.7,1,0,None
2025-12-12 03:49:14.511938,192.168.1.217,1,0,None
2025-12-12 03:49:14.511938,192.168.1.162,1,0,None
2025-12-12 03:49:14.511938,192.168.1.95,1,0,None
2025-12-12 03:49:14.511938,192.168.1.54,1,0,None
2025-12-12 03:49:14.511938,216.239.32.223,0,0,None
2025-12-12 03:49:14.511938,192.168.1.141,1,0,None
2025-12-12 03:49:14.511938,192.168.1.20,1,0,None
2025-12-12 03:49:14.511938,192.168.1.88,1,0,None
2025-12-12 03:49:14.511938,192.168.1.45,1,0,None
2025-12-12 03:49:14.511938,192.168.1.193,1,0,None
2025-12-12 03:49:14.511938,192.168.1.214,1,0,None
2025-12-12 03:49:14.511938,192.168.1.73,1,0,None
2025-12-12 03:49:14.511938,192.168.1.41,1,0,None
2025-12-12 03:49:14.511938,192.168.1.85,1,0,None
2025-12-12 03:49:14.511938,192.168.1.91,1,0,None
2025-12-12 03:49:14.511938,192.168.1.108,1,0,None
2025-12-12 03:49:14.511938,192.168.1.99,1,0,None
2025-12-12 03:49:14.511938,192.168.1.209,1,0,None
2025-12-12 03:49:14.511938,192.168.1.174,1,0,None
2025-12-12 03:49:14.511938,192.168.1.208,1,0,None
2025-12-12 03:49:14.511938,192.168.1.171,1,0,None
2025-12-12 03:49:14.511938,192.168.1.26,1,0,None
2025-12-12 03:49:14.511938,192.168.1.236,1,0,None
2025-12-12 03:49:14.511938,192.168.1.138,1,0,None
2025-12-12 03:49:14.511938,192.168.1.97,1,0,None
2025-12-12 03:49:14.511938,192.168.1.50,1,0,None
2025-12-12 03:49:14.511938,192.168.1.98,1,0,None
2025-12-12 03:49:14.511938,192.168.1.177,1,0,None
2025-12-12 03:49:14.511938,192.168.1.238,1,0,None
2025-12-12 03:49:14.511938,192.168.1.71,1,0,None
2025-12-12 03:49:14.511938,192.168.1.252,1,0,None
2025-12-12 03:49:14.511938,192.168.1.202,1,0,None
2025-12-12 03:49:14.511938,192.168.1.188,1,0,None
2025-12-12 03:49:14.511938,192.168.1.47,1,0,None
2025-12-12 03:49:14.511938,192.168.1.205,1,0,None
2025-12-12 03:49:14.511938,192.168.1.59,1,0,None
2025-12-12 03:49:14.511938,192.168.1.103,1,0,None
2025-12-12 03:49:14.511938,192.168.1.48,1,0,None
2025-12-12 03:49:14.511938,192.168.1.168,1,0,None
2025-12-12 03:49:14.511938,192.168.1.136,1,0,None
2025-12-12 03:49:14.511938,192.168.1.166,1,0,None
2025-12-12 03:49:14.511938,192.168.1.105,1,0,None
2025-12-12 03:49:14.511938,192.168.1.23,1,0,None
2025-12-12 03:49:14.511938,192.168.1.139,1,0,None
2025-12-12 03:49:14.511938,192.168.1.212,1,0,None
2025-12-12 03:49:14.511938,192.168.1.218,1,0,None
2025-12-12 03:49:14.511938,192.168.1.164,1,0,None
2025-12-12 03:49:14.511938,192.168.1.244,1,0,None
2025-12-12 03:49:14.511938,192.168.1.61,1,0,None
2025-12-12 03:49:14.511938,192.168.1.125,1,0,None
2025-12-12 03:49:14.511938,192.168.1.89,1,0,None
2025-12-12 03:49:14.511938,192.168.1.234,1,0,None
2025-12-12 03:49:14.511938,192.168.1.239,1,0,None
2025-12-12 03:49:14.511938,192.168.1.173,1,0,None
2025-12-12 03:49:14.511938,192.168.1.78,1,0,None
2025-12-12 03:49:14.511938,192.168.1.70,1,0,None
2025-12-12 03:49:14.511938,192.168.1.53,1,0,None
2025-12-12 03:49:14.511938,192.168.1.229,1,0,None
2025-12-12 03:49:14.511938,192.168.1.67,1,0,None
2025-12-12 03:49:14.511938,192.168.1.58,1,0,None
2025-12-12 03:49:14.511938,192.168.1.11,1,0,None
2025-12-12 03:49:14.511938,192.168.1.128,1,0,None
2025-12-12 03:49:14.511938,192.168.1.140,1,0,None
2025-12-12 03:49:14.511938,192.168.1.191,1,0,None
2025-12-12 03:49:14.511938,192.168.1.96,1,0,None
2025-12-12 03:49:14.511938,192.168.1.43,1,0,None
2025-12-12 03:49:14.511938,192.168.1.145,1,0,None
2025-12-12 03:49:14.511938,192.168.1.34,1,0,None
2025-12-12 03:49:14.511938,192.168.1.226,1,0,None
2025-12-12 03:49:14.511938,192.168.1.183,1,0,None
2025-12-12 03:49:14.511938,192.168.1.93,1,0,None
2025-12-12 03:49:14.511938,192.168.1.10,1,0,None
2025-12-12 03:49:14.511938,192.168.1.79,1,0,None
2025-12-12 03:49:14.511938,192.168.1.60,1,0,None
2025-12-12 03:49:14.511938,192.168.1.40,1,0,None
2025-12-12 03:49:14.511938,192.168.1.154,1,0,None
2025-12-12 03:49:14.511938,192.168.1.247,1,0,None
2025-12-12 03:49:14.511938,192.168.1.12,1,0,None
2025-12-12 03:49:14.511938,192.168.1.35,1,0,None
2025-12-12 03:49:14.511938,192.168.1.170,1,0,None
2025-12-12 03:49:14.511938,192.168.1.69,1,0,None
2025-12-12 03:49:14.511938,192.168.1.143,1,0,None
2025-12-12 03:49:14.511938,192.168.1.37,1,0,None
2025-12-12 03:49:14.511938,192.168.1.112,1,0,None
2025-12-12 03:49:14.511938,192.168.1.122,1,0,None
2025-12-12 03:49:14.511938,192.168.1.117,1,0,None
2025-12-12 03:49:14.511938,192.168.1.76,1,0,None
2025-12-12 03:49:14.511938,192.168.1.109,1,0,None
2025-12-12 03:49:14.511938,192.168.1.147,1,0,None
2025-12-12 03:49:14.511938,192.168.1.52,1,0,None
2025-12-12 03:49:14.511938,192.168.1.63,1,0,None
2025-12-12 03:49:14.511938,192.168.1.175,1,0,None
2025-12-12 03:49:14.511938,192.168.1.172,1,0,None
2025-12-12 03:49:17.187191,192.168.1.24,1,0,None
2025-12-12 03:49:17.187191,192.168.1.190,1,0,None
2025-12-12 03:49:17.187191,192.168.1.1,1,0,None
2025-12-12 03:49:17.187191,192.168.1.131,1,0,None
2025-12-12 03:49:17.187191,192.168.1.42,1,0,None
2025-12-12 03:49:17.187191,192.168.1.78,1,0,None
2025-12-12 03:49:17.187191,192.168.1.71,1,0,None
2025-12-12 03:49:17.187191,192.168.1.130,1,0,None
2025-12-12 03:49:17.187191,192.168.1.177,1,0,None
2025-12-12 03:49:17.187191,192.168.1.93,1,0,None
2025-12-12 03:49:17.187191,192.168.1.128,1,0,None
2025-12-12 03:49:17.187191,192.168.1.68,1,0,None
2025-12-12 03:49:17.187191,192.168.1.247,1,0,None
2025-12-12 03:49:17.187191,192.168.1.33,1,0,None
2025-12-12 03:49:17.187191,192.168.1.97,1,0,None
2025-12-12 03:49:17.187191,192.168.1.9,1,0,None
2025-12-12 03:49:17.187191,192.168.1.70,1,0,None
2025-12-12 03:49:17.187191,192.168.1.150,1,0,None
2025-12-12 03:49:17.187191,192.168.1.118,1,0,None
2025-12-12 03:49:17.187191,192.168.1.8,1,0,None
2025-12-12 03:49:17.187191,192.168.1.115,1,0,None
2025-12-12 03:49:17.187191,192.168.1.145,1,0,None
2025-12-12 03:49:17.187191,192.168.1.126,1,0,None
2025-12-12 03:49:17.187191,192.168.1.23,1,0,None
2025-12-12 03:49:17.187191,192.168.1.20,1,0,None
2025-12-12 03:49:17.187191,192.168.1.67,1,0,None
2025-12-12 03:49:17.187191,192.168.1.106,1,0,None
2025-12-12 03:49:17.187191,192.168.1.144,1,0,None
2025-12-12 03:49:17.187191,192.168.1.82,1,0,None
2025-12-12 03:49:17.187191,192.168.1.46,1,0,None
2025-12-12 03:49:17.187191,192.168.1.27,1,0,None
2025-12-12 03:49:17.187191,192.168.1.133,1,0,None
2025-12-12 03:49:17.187191,192.168.1.213,1,0,None
2025-12-12 03:49:17.187191,192.168.1.121,1,0,None
2025-12-12 03:49:17.187191,192.168.1.195,1,0,None
2025-12-12 03:49:17.187191,192.168.1.65,1,0,None
2025-12-12 03:49:17.187191,192.168.1.176,1,0,None
2025-12-12 03:49:17.187191,192.168.1.50,1,0,None
2025-12-12 03:49:17.187191,192.168.1.252,1,0,None
2025-12-12 03:49:17.187191,192.168.1.155,1,0,None
2025-12-12 03:49:17.187191,192.168.1.194,1,0,None
2025-12-12 03:49:17.187191,192.168.1.182,1,0,None
2025-12-12 03:49:17.187191,192.168.1.19,1,0,None
2025-12-12 03:49:17.187191,192.168.1.239,1,0,None
2025-12-12 03:49:17.187191,192.168.1.100,1,0,None
2025-12-12 03:49:17.187191,192.168.1.221,1,0,None
2025-12-12 03:49:17.187191,192.168.1.28,1,0,None
2025-12-12 03:49:17.187191,192.168.1.109,1,0,None
2025-12-12 03:49:17.187191,192.168.1.123,1,0,None
2025-12-12 03:49:17.187191,172.20.10.12,0,0,None
2025-12-12 03:49:17.187191,74.125.206.81,0,0,None
2025-12-12 03:49:17.187191,192.168.1.64,1,0,None
2025-12-12 03:49:17.187191,192.168.1.84,1,0,None
2025-12-12 03:49:17.187191,192.168.1.199,1,0,None
2025-12-12 03:49:17.187191,192.168.1.235,1,0,None
2025-12-12 03:49:17.187191,192.168.1.160,1,0,None
2025-12-12 03:49:17.187191,192.168.1.85,1,0,None
2025-12-12 03:49:17.187191,192.168.1.104,1,0,None
2025-12-12 03:49:17.187191,192.168.1.219,1,0,None
2025-12-12 03:49:17.187191,192.168.1.228,1,0,None
2025-12-12 03:49:17.187191,192.168.1.197,1,0,None
2025-12-12 03:49:17.187191,192.168.1.6,1,0,None
2025-12-12 03:49:17.187191,192.168.1.173,1,0,None
2025-12-12 03:49:17.187191,192.168.1.127,1,0,None
2025-12-12 03:49:17.187191,192.168.1.192,1,0,None
2025-12-12 03:49:17.187191,192.168.1.181,1,0,None
2025-12-12 03:49:17.187191,192.168.1.13,1,0,None
2025-12-12 03:49:17.187191,192.168.1.148,1,0,None
2025-12-12 03:49:17.187191,192.168.1.136,1,0,None
2025-12-12 03:49:17.187191,192.168.1.29,1,0,None
2025-12-12 03:49:17.187191,192.168.1.47,1,0,None
2025-12-12 03:49:17.187191,192.168.1.101,1,0,None
2025-12-12 03:49:17.187191,192.168.1.12,1,0,None
2025-12-12 03:49:17.187191,192.168.1.91,1,0,None
2025-12-12 03:49:17.187191,192.168.1.202,1,0,None
2025-12-12 03:49:17.187191,192.168.1.108,1,0,None
2025-12-12 03:49:17.187191,192.168.1.222,1,0,None
2025-12-12 03:49:17.187191,74.125.133.188,0,0,None
2025-12-12 03:49:17.187191,192.168.1.113,1,0,None
2025-12-12 03:49:17.187191,192.168.1.187,1,0,None
2025-12-12 03:49:17.187191,192.168.1.237,1,0,None
2025-12-12 03:49:17.187191,192.168.1.45,1,0,None
2025-12-12 03:49:17.187191,192.168.1.30,1,0,None
2025-12-12 03:49:17.187191,192.168.1.229,1,0,None
2025-12-12 03:49:17.187191,192.168.1.244,1,0,None
2025-12-12 03:49:17.187191,192.168.1.230,1,0,None
2025-12-12 03:49:17.187191,192.168.1.231,1,0,None
2025-12-12 03:49:17.187191,172.217.170.206,0,0,None
2025-12-12 03:49:17.187191,192.168.1.61,1,0,None
2025-12-12 03:49:17.187191,192.168.1.170,1,0,None
2025-12-12 03:49:17.187191,192.168.1.227,1,0,None
2025-12-12 03:49:17.187191,192.168.1.69,1,0,None
2025-12-12 03:49:17.187191,192.168.1.143,1,0,None
2025-12-12 03:49:17.187191,192.168.1.31,1,0,None
2025-12-12 03:49:17.187191,192.168.1.51,1,0,None
2025-12-12 03:49:17.187191,192.168.1.157,1,0,None
2025-12-12 03:49:17.187191,192.168.1.210,1,0,None
2025-12-12 03:49:17.187191,192.168.1.119,1,0,None
2025-12-12 03:49:17.187191,192.168.1.122,1,0,None
2025-12-12 03:49:17.187191,192.168.1.102,1,0,None
2025-12-12 03:49:17.187191,192.168.1.140,1,0,None
2025-12-12 03:49:17.187191,192.168.1.120,1,0,None
2025-12-12 03:49:17.187191,192.168.1.87,1,0,None
2025-12-12 03:49:17.187191,192.168.1.251,1,0,None
2025-12-12 03:49:17.187191,192.168.1.35,1,0,None
2025-12-12 03:49:17.187191,192.168.1.249,1,0,None
2025-12-12 03:49:17.187191,192.168.1.243,1,0,None
2025-12-12 03:49:17.187191,192.168.1.15,1,0,None
2025-12-12 03:49:17.187191,192.168.1.124,1,0,None
2025-12-12 03:49:17.187191,57.144.139.32,0,0,None
2025-12-12 03:49:17.187191,192.168.1.141,1,0,None
2025-12-12 03:49:17.187191,192.168.1.60,1,0,None
2025-12-12 03:49:17.187191,192.168.1.22,1,0,None
2025-12-12 03:49:17.187191,192.168.1.59,1,0,None
2025-12-12 03:49:17.187191,192.168.1.238,1,0,None
2025-12-12 03:49:17.187191,192.168.1.198,1,0,None
2025-12-12 03:49:17.187191,192.168.1.189,1,0,None
2025-12-12 03:49:17.187191,192.168.1.96,1,0,None
2025-12-12 03:49:17.187191,192.168.1.142,1,0,None
2025-12-12 03:49:17.187191,192.168.1.103,1,0,None
2025-12-12 03:49:17.187191,192.168.1.110,1,0,None
2025-12-12 03:49:19.795669,192.168.1.95,1,0,None
2025-12-12 03:49:19.795669,192.168.1.145,1,0,None
2025-12-12 03:49:19.795669,192.168.1.10,1,0,None
2025-12-12 03:49:19.795669,192.168.1.137,1,0,None
2025-12-12 03:49:19.795669,192.168.1.221,1,0,None
2025-12-12 03:49:19.795669,192.168.1.242,1,0,None
2025-12-12 03:49:19.795669,192.168.1.238,1,0,None
2025-12-12 03:49:19.795669,192.168.1.88,1,0,None
2025-12-12 03:49:19.795669,192.168.1.211,1,0,None
2025-12-12 03:49:19.795669,192.168.1.121,1,0,None
2025-12-12 03:49:19.795669,192.168.1.27,1,0,None
2025-12-12 03:49:19.795669,192.168.1.191,1,0,None
2025-12-12 03:49:19.795669,192.168.1.89,1,0,None
2025-12-12 03:49:19.795669,192.168.1.233,1,0,None
2025-12-12 03:49:19.795669,192.168.1.92,1,0,None
2025-12-12 03:49:19.795669,192.168.1.138,1,0,None
2025-12-12 03:49:19.795669,192.168.1.42,1,0,None
2025-12-12 03:49:19.795669,192.168.1.199,1,0,None
2025-12-12 03:49:19.795669,192.168.1.240,1,0,None
2025-12-12 03:49:19.795669,192.168.1.32,1,0,None
2025-12-12 03:49:19.795669,192.168.1.213,1,0,None
2025-12-12 03:49:19.795669,192.168.1.130,1,0,None
2025-12-12 03:49:19.795669,192.168.1.53,1,0,None
2025-12-12 03:49:19.795669,192.168.1.4,1,0,None
2025-12-12 03:49:19.795669,192.168.1.81,1,0,None
2025-12-12 03:49:19.795669,192.168.1.181,1,0,None
2025-12-12 03:49:19.795669,172.20.10.12,0,0,None
2025-12-12 03:49:19.795669,192.168.1.78,1,0,None
2025-12-12 03:49:19.795669,192.168.1.173,1,0,None
2025-12-12 03:49:19.795669,192.168.1.64,1,0,None
2025-12-12 03:49:19.795669,192.168.1.55,1,0,None
2025-12-12 03:49:19.795669,192.168.1.58,1,0,None
2025-12-12 03:49:19.795669,192.168.1.76,1,0,None
2025-12-12 03:49:19.795669,192.168.1.99,1,0,None
2025-12-12 03:49:19.795669,192.168.1.186,1,0,None
2025-12-12 03:49:19.795669,192.168.1.201,1,0,None
2025-12-12 03:49:19.795669,192.168.1.36,1,0,None
2025-12-12 03:49:19.795669,192.168.1.195,1,0,None
2025-12-12 03:49:19.795669,192.168.1.128,1,0,None
2025-12-12 03:49:19.795669,192.168.1.57,1,0,None
2025-12-12 03:49:19.795669,192.168.1.26,1,0,None
2025-12-12 03:49:19.795669,192.168.1.16,1,0,None
2025-12-12 03:49:19.795669,192.168.1.79,1,0,None
2025-12-12 03:49:19.795669,74.125.206.81,0,0,None
2025-12-12 03:49:19.795669,192.168.1.20,1,0,None
2025-12-12 03:49:19.795669,192.168.1.210,1,0,None
2025-12-12 03:49:19.795669,192.168.1.96,1,0,None
2025-12-12 03:49:19.795669,192.168.1.113,1,0,None
2025-12-12 03:49:19.795669,192.168.1.3,1,0,None
2025-12-12 03:49:19.795669,192.168.1.182,1,0,None
2025-12-12 03:49:19.795669,192.168.1.200,1,0,None
2025-12-12 03:49:19.795669,192.168.1.120,1,0,None
2025-12-12 03:49:19.795669,192.168.1.235,1,0,None
2025-12-12 03:49:19.795669,192.168.1.223,1,0,None
2025-12-12 03:49:19.795669,192.168.1.112,1,0,None
2025-12-12 03:49:19.795669,192.168.1.82,1,0,None
2025-12-12 03:49:19.795669,192.168.1.209,1,0,None
2025-12-12 03:49:19.795669,192.168.1.176,1,0,None
2025-12-12 03:49:19.795669,192.168.1.15,1,0,None
2025-12-12 03:49:19.795669,192.168.1.156,1,0,None
2025-12-12 03:49:19.795669,192.168.1.232,1,0,None
2025-12-12 03:49:19.795669,192.168.1.196,1,0,None
2025-12-12 03:49:19.795669,192.168.1.13,1,0,None
2025-12-12 03:49:19.795669,192.168.1.47,1,0,None
2025-12-12 03:49:19.795669,192.168.1.66,1,0,None
2025-12-12 03:49:19.795669,192.168.1.234,1,0,None
2025-12-12 03:49:19.795669,192.168.1.77,1,0,None
2025-12-12 03:49:19.795669,192.168.1.46,1,0,None
2025-12-12 03:49:19.795669,192.168.1.100,1,0,None
2025-12-12 03:49:19.795669,192.168.1.69,1,0,None
2025-12-12 03:49:19.795669,140.82.112.25,0,0,None
2025-12-12 03:49:19.795669,192.168.1.226,1,0,None
2025-12-12 03:49:19.795669,192.168.1.146,1,0,None
2025-12-12 03:49:19.795669,192.168.1.151,1,0,None
2025-12-12 03:49:19.795669,192.168.1.197,1,0,None
2025-12-12 03:49:19.795669,192.168.1.134,1,0,None
2025-12-12 03:49:19.795669,192.168.1.204,1,0,None
2025-12-12 03:49:19.795669,192.168.1.127,1,0,None
2025-12-12 03:49:19.795669,192.168.1.149,1,0,None
2025-12-12 03:49:19.795669,192.168.1.30,1,0,None
2025-12-12 03:49:19.795669,192.168.1.159,1,0,None
2025-12-12 03:49:19.795669,192.168.1.80,1,0,None
2025-12-12 03:49:19.795669,192.168.1.12,1,0,None
2025-12-12 03:49:19.795669,192.168.1.103,1,0,None
2025-12-12 03:49:19.795669,192.168.1.214,1,0,None
2025-12-12 03:49:19.795669,192.168.1.34,1,0,None
2025-12-12 03:49:19.795669,192.168.1.152,1,0,None
2025-12-12 03:49:19.795669,192.168.1.31,1,0,None
2025-12-12 03:49:19.795669,192.168.1.39,1,0,None
2025-12-12 03:49:19.795669,192.168.1.29,1,0,None
2025-12-12 03:49:19.795669,192.168.1.144,1,0,None
2025-12-12 03:49:19.795669,192.168.1.125,1,0,None
2025-12-12 03:49:19.795669,192.168.1.136,1,0,None
2025-12-12 03:49:19.795669,192.168.1.188,1,0,None
2025-12-12 03:49:19.795669,192.168.1.5,1,0,None
2025-12-12 03:49:19.795669,192.168.1.8,1,0,None
2025-12-12 03:49:19.795669,192.168.1.167,1,0,None
2025-12-12 03:49:19.795669,192.168.1.85,1,0,None
2025-12-12 03:49:19.795669,192.168.1.236,1,0,None
2025-12-12 03:49:19.795669,192.168.1.230,1,0,None
2025-12-12 03:49:19.795669,192.168.1.37,1,0,None
2025-12-12 03:49:19.795669,192.168.1.212,1,0,None
2025-12-12 03:49:19.795669,192.168.1.48,1,0,None
2025-12-12 03:49:19.795669,192.168.1.247,1,0,None
2025-12-12 03:49:19.795669,192.168.1.140,1,0,None
2025-12-12 03:49:19.795669,192.168.1.52,1,0,None
2025-12-12 03:49:19.795669,192.168.1.150,1,0,None
2025-12-12 03:49:19.795669,192.168.1.189,1,0,None
2025-12-12 03:49:19.795669,192.168.1.45,1,0,None
2025-12-12 03:49:22.606078,192.168.1.75,1,0,None
2025-12-12 03:49:22.606078,192.168.1.154,1,0,None
2025-12-12 03:49:22.606078,192.168.1.244,1,0,None
2025-12-12 03:49:22.606078,172.20.10.12,0,0,None
2025-12-12 03:49:22.606078,192.168.1.240,1,0,None
2025-12-12 03:49:22.606078,192.168.1.228,1,0,None
2025-12-12 03:49:22.606078,192.168.1.182,1,0,None
2025-12-12 03:49:22.606078,74.125.206.81,0,0,None
2025-12-12 03:49:22.606078,192.168.1.104,1,0,None
2025-12-12 03:49:22.606078,192.168.1.221,1,0,None
2025-12-12 03:49:22.606078,192.168.1.26,1,0,None
2025-12-12 03:49:22.606078,192.168.1.145,1,0,None
2025-12-12 03:49:22.606078,192.168.1.232,1,0,None
2025-12-12 03:49:22.606078,192.168.1.224,1,0,None
2025-12-12 03:49:22.606078,192.168.1.197,1,0,None
2025-12-12 03:49:22.606078,192.168.1.24,1,0,None
2025-12-12 03:49:22.606078,192.168.1.116,1,0,None
2025-12-12 03:49:22.606078,192.168.1.9,1,0,None
2025-12-12 03:49:22.606078,192.168.1.25,1,0,None
2025-12-12 03:49:22.606078,192.168.1.99,1,0,None
2025-12-12 03:49:22.606078,192.168.1.69,1,0,None
2025-12-12 03:49:22.606078,192.168.1.31,1,0,None
2025-12-12 03:49:22.606078,192.168.1.54,1,0,None
2025-12-12 03:49:22.606078,192.168.1.176,1,0,None
2025-12-12 03:49:22.606078,192.168.1.225,1,0,None
2025-12-12 03:49:22.606078,52.182.141.63,0,0,None
2025-12-12 03:49:22.606078,192.168.1.114,1,0,None
2025-12-12 03:49:22.606078,192.168.1.79,1,0,None
2025-12-12 03:49:22.606078,192.168.1.150,1,0,None
2025-12-12 03:49:22.606078,192.168.1.97,1,0,None
2025-12-12 03:49:22.606078,192.168.1.207,1,0,None
2025-12-12 03:49:22.606078,192.168.1.157,1,0,None
2025-12-12 03:49:22.606078,192.168.1.17,1,0,None
2025-12-12 03:49:22.606078,192.168.1.87,1,0,None
2025-12-12 03:49:22.606078,192.168.1.74,1,0,None
2025-12-12 03:49:22.606078,192.168.1.51,1,0,None
2025-12-12 03:49:22.606078,192.168.1.42,1,0,None
2025-12-12 03:49:22.606078,192.168.1.179,1,0,None
2025-12-12 03:49:22.606078,192.168.1.137,1,0,None
2025-12-12 03:49:22.606078,192.168.1.212,1,0,None
2025-12-12 03:49:22.606078,192.168.1.44,1,0,None
2025-12-12 03:49:22.606078,192.168.1.1,1,0,None
2025-12-12 03:49:22.606078,192.168.1.128,1,0,None
2025-12-12 03:49:22.606078,192.168.1.64,1,0,None
2025-12-12 03:49:22.606078,192.168.1.156,1,0,None
2025-12-12 03:49:22.606078,192.168.1.198,1,0,None
2025-12-12 03:49:22.606078,192.168.1.85,1,0,None
2025-12-12 03:49:22.606078,192.168.1.23,1,0,None
2025-12-12 03:49:22.606078,192.168.1.174,1,0,None
2025-12-12 03:49:22.606078,192.168.1.67,1,0,None
2025-12-12 03:49:22.606078,192.168.1.217,1,0,None
2025-12-12 03:49:22.606078,192.168.1.110,1,0,None
2025-12-12 03:49:22.606078,192.168.1.122,1,0,None
2025-12-12 03:49:22.606078,192.168.1.13,1,0,None
2025-12-12 03:49:22.606078,192.168.1.19,1,0,None
2025-12-12 03:49:22.606078,192.168.1.41,1,0,None
2025-12-12 03:49:22.606078,192.168.1.65,1,0,None
2025-12-12 03:49:22.606078,192.168.1.133,1,0,None
2025-12-12 03:49:22.606078,192.168.1.62,1,0,None
2025-12-12 03:49:22.606078,192.168.1.73,1,0,None
2025-12-12 03:49:22.606078,192.168.1.201,1,0,None
2025-12-12 03:49:22.606078,192.168.1.61,1,0,None
2025-12-12 03:49:22.606078,192.168.1.239,1,0,None
2025-12-12 03:49:22.606078,192.168.1.220,1,0,None
2025-12-12 03:49:22.606078,192.168.1.200,1,0,None
2025-12-12 03:49:22.606078,192.168.1.167,1,0,None
2025-12-12 03:49:22.606078,192.168.1.112,1,0,None
2025-12-12 03:49:22.606078,192.168.1.66,1,0,None
2025-12-12 03:49:22.606078,192.168.1.129,1,0,None
2025-12-12 03:49:22.606078,192.168.1.161,1,0,None
2025-12-12 03:49:22.606078,192.168.1.235,1,0,None
2025-12-12 03:49:22.606078,192.168.1.105,1,0,None
2025-12-12 03:49:22.606078,192.168.1.126,1,0,None
2025-12-12 03:49:22.606078,192.168.1.183,1,0,None
2025-12-12 03:49:22.606078,192.168.1.147,1,0,None
2025-12-12 03:49:22.606078,192.168.1.253,1,0,None
2025-12-12 03:49:22.606078,192.168.1.118,1,0,None
2025-12-12 03:49:22.606078,172.217.170.164,0,0,None
2025-12-12 03:49:22.606078,192.168.1.142,1,0,None
2025-12-12 03:49:22.606078,192.168.1.121,1,0,None
2025-12-12 03:49:22.606078,192.168.1.57,1,0,None
2025-12-12 03:49:22.606078,192.168.1.33,1,0,None
2025-12-12 03:49:22.606078,192.168.1.171,1,0,None
2025-12-12 03:49:22.606078,192.168.1.210,1,0,None
2025-12-12 03:49:22.606078,192.168.1.211,1,0,None
2025-12-12 03:49:22.606078,192.168.1.125,1,0,None
2025-12-12 03:49:22.606078,192.168.1.72,1,0,None
2025-12-12 03:49:22.606078,192.168.1.242,1,0,None
2025-12-12 03:49:22.606078,192.168.1.206,1,0,None
2025-12-12 03:49:22.606078,192.168.1.130,1,0,None
2025-12-12 03:49:22.606078,192.168.1.234,1,0,None
2025-12-12 03:49:22.606078,192.168.1.103,1,0,None
2025-12-12 03:49:22.606078,172.217.170.202,0,0,None
2025-12-12 03:49:22.606078,192.168.1.21,1,0,None
2025-12-12 03:49:22.606078,192.168.1.216,1,0,None
2025-12-12 03:49:22.606078,192.168.1.95,1,0,None
2025-12-12 03:49:22.606078,192.168.1.219,1,0,None
2025-12-12 03:49:22.606078,192.168.1.15,1,0,None
2025-12-12 03:49:22.606078,192.168.1.251,1,0,None
2025-12-12 03:49:22.606078,192.168.1.151,1,0,None
2025-12-12 03:49:22.606078,192.168.1.241,1,0,None
2025-12-12 03:49:22.606078,192.168.1.11,1,0,None
2025-12-12 03:49:22.606078,192.168.1.214,1,0,None
2025-12-12 03:49:22.606078,192.168.1.153,1,0,None
2025-12-12 03:49:22.606078,192.168.1.155,1,0,None
2025-12-12 03:49:22.606078,192.168.1.14,1,0,None
2025-12-12 03:49:22.606078,192.168.1.58,1,0,None
2025-12-12 03:49:22.606078,192.168.1.189,1,0,None
2025-12-12 03:49:22.606078,192.168.1.166,1,0,None
2025-12-12 03:49:22.606078,192.168.1.230,1,0,None
2025-12-12 03:49:22.606078,192.168.1.208,1,0,None
2025-12-12 03:49:22.606078,192.168.1.111,1,0,None
2025-12-12 03:49:22.606078,192.168.1.101,1,0,None
2025-12-12 03:49:22.606078,192.168.1.38,1,0,None
2025-12-12 03:49:22.606078,192.168.1.90,1,0,None
2025-12-12 03:49:22.606078,192.168.1.71,1,0,None
2025-12-12 03:49:22.606078,192.168.1.45,1,0,None
2025-12-12 03:49:22.606078,192.168.1.238,1,0,None
2025-12-12 03:49:22.606078,192.168.1.226,1,0,None
2025-12-12 03:49:22.606078,192.168.1.96,1,0,None
2025-12-12 03:49:22.606078,192.168.1.199,1,0,None
2025-12-12 03:49:22.606078,192.168.1.46,1,0,None
2025-12-12 03:49:22.606078,192.168.1.163,1,0,None
2025-12-12 03:49:22.606078,192.168.1.91,1,0,None
2025-12-12 03:49:22.606078,192.168.1.109,1,0,None
2025-12-12 03:49:22.606078,192.168.1.7,1,0,None
2025-12-12 03:49:22.606078,192.168.1.124,1,0,None
2025-12-12 03:49:25.053176,172.20.10.12,0,0,None
2025-12-12 03:49:25.053176,74.125.206.81,0,0,None
2025-12-12 03:49:25.053176,172.217.170.170,0,0,None
2025-12-12 03:49:27.456750,74.125.206.81,0,0,None
2025-12-12 03:49:27.456750,172.20.10.12,0,0,None
2025-12-12 03:49:27.456750,172.217.170.206,0,0,None
2025-12-12 03:49:27.456750,172.217.170.164,0,0,None
2025-12-12 03:49:27.456750,216.239.32.223,0,0,None
2025-12-12 03:49:30.078028,216.239.32.223,0,0,None
2025-12-12 03:49:30.078028,172.217.170.164,0,0,None
2025-12-12 03:49:30.078028,172.20.10.12,0,0,None
2025-12-12 03:49:30.078028,216.58.223.99,0,0,None
2025-12-12 03:49:30.078028,172.217.170.170,0,0,None
2025-12-12 03:49:30.078028,34.54.84.110,0,0,None
2025-12-12 03:49:30.078028,149.154.167.91,0,0,None
2025-12-12 03:49:32.524702,34.54.84.110,0,0,None
2025-12-12 03:49:32.524702,172.20.10.12,0,0,None
2025-12-12 03:49:32.524702,74.125.206.81,0,0,None
2025-12-12 03:49:32.524702,140.82.112.25,0,0,None
2025-12-12 03:49:35.101972,74.125.206.81,0,0,None
2025-12-12 03:49:35.101972,172.20.10.12,0,0,None
2025-12-12 03:49:35.101972,140.82.112.25,0,0,None
2025-12-12 03:49:35.101972,172.217.170.163,0,0,None
2025-12-12 03:49:35.101972,34.54.84.110,0,0,None
2025-12-12 03:49:35.101972,149.154.167.91,0,0,None
2025-12-12 03:49:37.549408,34.54.84.110,0,0,None
2025-12-12 03:49:37.549408,74.125.206.81,0,0,None
2025-12-12 03:49:37.549408,172.20.10.12,0,0,None
2025-12-12 03:49:37.549408,172.217.170.202,0,0,None
2025-12-12 03:49:40.266207,172.20.10.12,0,1,MEDIUM
2025-12-12 03:49:40.266207,172.20.10.1,0,0,None
2025-12-12 03:49:40.266207,172.217.170.174,0,0,None
2025-12-12 03:49:40.266207,98.66.133.184,0,0,None
2025-12-12 03:49:40.266207,52.182.141.63,0,0,None
2025-12-12 03:49:40.266207,74.125.206.81,0,0,None
2025-12-12 03:49:44.401431,74.125.206.81,0,0,None
2025-12-12 03:49:44.401431,172.20.10.12,0,0,None
2025-12-12 03:49:44.401431,34.54.84.110,0,0,None
2025-12-12 03:49:44.401431,172.217.170.206,0,0,None
2025-12-12 03:49:44.401431,13.107.246.61,0,0,None
2025-12-12 03:49:44.401431,216.239.32.223,0,0,None
2025-12-12 03:49:44.401431,57.144.139.32,0,0,None
2025-12-12 03:49:44.401431,172.217.170.170,0,0,None
2025-12-12 03:49:46.857476,172.20.10.12,0,0,None
2025-12-12 03:49:46.857476,149.154.167.91,0,0,None
2025-12-12 03:49:46.857476,74.125.206.81,0,0,None
2025-12-12 03:49:49.225663,172.20.10.12,0,0,None
2025-12-12 03:49:49.225663,74.125.206.81,0,0,None
2025-12-12 03:49:49.225663,172.217.170.164,0,0,None
2025-12-12 03:49:49.225663,172.217.170.170,0,0,None
2025-12-12 03:49:51.660486,74.125.206.81,0,0,None
2025-12-12 03:49:51.660486,172.20.10.12,0,0,None
2025-12-12 03:49:54.322520,172.20.10.12,0,0,None
2025-12-12 03:49:54.322520,172.217.170.202,0,0,None
2025-12-12 03:49:54.322520,34.54.84.110,0,0,None
2025-12-12 03:49:54.322520,74.125.206.81,0,0,None
2025-12-12 03:49:56.807561,172.20.10.12,0,0,None
2025-12-12 03:49:56.807561,74.125.206.81,0,0,None
2025-12-12 03:49:56.807561,172.217.170.206,0,0,None
2025-12-12 03:49:59.376972,172.20.10.12,0,0,None
2025-12-12 03:49:59.376972,172.217.170.164,0,0,None
2025-12-12 03:49:59.376972,74.125.206.81,0,0,None
2025-12-12 03:49:59.376972,216.239.32.223,0,0,None
2025-12-12 03:50:02.564928,172.20.10.12,0,1,MEDIUM
2025-12-12 03:50:02.564928,172.20.10.1,0,0,None
2025-12-12 03:50:02.564928,172.217.170.174,0,0,None
2025-12-12 03:50:02.564928,57.144.139.32,0,0,None
2025-12-12 03:50:02.564928,34.54.84.110,0,0,None
2025-12-12 03:50:02.564928,74.125.133.188,0,0,None
2025-12-12 03:50:02.564928,74.125.206.81,0,0,None
2025-12-12 03:50:02.564928,216.239.32.223,0,0,None
2025-12-12 03:50:05.191909,216.239.32.223,0,0,None
2025-12-12 03:50:05.191909,74.125.206.81,0,0,None
2025-12-12 03:50:05.191909,172.20.10.12,0,0,None
2025-12-12 03:50:05.191909,172.217.170.170,0,0,None
2025-12-12 03:50:05.191909,34.54.84.110,0,0,None
2025-12-12 03:50:07.628822,172.20.10.12,0,0,None
2025-12-12 03:50:07.628822,74.125.206.81,0,0,None
2025-12-12 03:50:07.628822,149.154.167.91,0,0,None
2025-12-12 03:50:07.628822,172.217.170.202,0,0,None
2025-12-12 03:50:12.369602,172.20.10.12,0,0,None
2025-12-12 03:50:12.369602,216.239.32.223,0,0,None
2025-12-12 03:50:12.369602,172.217.170.170,0,0,None
2025-12-12 03:50:12.369602,74.125.206.81,0,0,None
2025-12-12 03:50:12.369602,172.217.170.206,0,0,None
2025-12-12 03:50:15.337051,74.125.206.81,0,0,None
2025-12-12 03:50:15.337051,172.20.10.12,0,1,MEDIUM
2025-12-12 03:50:15.337051,172.20.10.1,0,0,None
2025-12-12 03:50:15.337051,172.217.170.163,0,0,None
2025-12-12 03:50:15.337051,216.239.32.223,0,0,None
2025-12-12 03:50:15.337051,172.217.170.206,0,0,None
2025-12-12 03:50:15.337051,172.217.170.164,0,0,None
2025-12-12 03:50:18.016492,172.20.10.12,0,0,None
2025-12-12 03:50:18.016492,172.217.170.174,0,0,None
2025-12-12 03:50:18.016492,34.54.84.110,0,0,None
2025-12-12 03:50:18.016492,74.125.206.81,0,0,None
2025-12-12 03:50:18.016492,172.217.170.206,0,0,None
2025-12-12 03:50:24.361713,172.20.10.12,0,0,None
2025-12-12 03:50:24.361713,172.217.170.206,0,0,None
2025-12-12 03:50:24.361713,74.125.206.81,0,0,None
2025-12-12 03:50:24.361713,140.82.112.25,0,0,None
2025-12-12 03:50:24.361713,216.239.32.223,0,0,None
2025-12-12 03:50:24.361713,172.217.170.163,0,0,None
2025-12-12 03:50:24.361713,57.144.139.32,0,0,None
2025-12-12 03:50:24.361713,13.107.246.61,0,0,None
2025-12-12 03:50:24.361713,172.20.10.1,0,0,None
2025-12-12 03:50:24.361713,140.82.112.21,0,0,None
2025-12-12 03:50:24.361713,172.217.170.202,0,0,None
